{"num_steps": 10, "timesteps": [999, 899, 799, 699, 599, 500, 400, 300, 200, 50], "alpha": [0.06826484948396683, 0.11957696825265884, 0.19285990297794342, 0.2883196771144867, 0.40218454599380493, 0.5256734490394592, 0.6515234112739563, 0.7684406638145447, 0.8681542873382568, 0.9754879474639893], "sigma": [0.9976672530174255, 0.992824912071228, 0.9812262654304504, 0.9575341939926147, 0.9155586361885071, 0.8506864309310913, 0.7586284875869751, 0.6399210095405579, 0.49629440903663635, 0.2200527936220169], "c0": [0.9981496930122375, 0.9953099489212036, 0.9898591041564941, 0.9748184084892273, 0.960199773311615, 0.9388309121131897, 0.892525315284729, 0.8361086249351501, 0.13249154388904572], "c1": [-0.02318562626614895, -0.03435566942226309, -0.04705262132118193, -0.06748573151588033, -0.08034647749542145, -0.0984535236048174, -0.1349958900521564, -0.18397015967046215, -0.8703310286580503], "c2": [-0.0, -0.015983379825509483, -0.021949103373245574, -0.03194980659311115, -0.03799332564902366, -0.04877819872352441, -0.07132133634917931, -0.10574352838590163, -2.1106579070603653]}
